,id,x,y,colour
0,0,0.6730383974365632,-0.28935388868511397,#99777f
1,1,-0.9800732272440755,1.1384756505531928,#59a77f
2,2,-0.45097250480933043,1.1885037047489362,#6da97f
3,3,0.09733440078170472,1.049966746559253,#83a47f
4,4,1.9432333367681736,1.2440561472284868,#cbab7f
5,5,0.6282592299987123,0.34544580599456215,#988c7f
6,6,1.2550986326030529,-0.6391282460991875,#b06b7f
7,7,1.3006243880325319,1.3417676792387985,#b2ae7f
8,8,-0.8069807693979809,-0.7134600455528849,#5f687f
9,9,0.9467798470587688,-0.6815797770250231,#a4697f
10,10,0.6387066610875611,-1.3580942389382413,#98527f
11,11,-0.4738358800089104,-0.7522594004382664,#6c677f
12,12,-0.24748572163259566,-0.43280265201905227,#75727f
13,13,-0.4727860766283464,0.15096901692362022,#6c867f
14,14,0.4711433715997125,-0.212230202835005,#91797f
15,15,-3.134201102295439,-0.31761711720139535,#04767f
16,16,0.15848827144635902,-1.1714992239708601,#85597f
17,17,-0.8552197481619134,0.0414473302820055,#5d827f
18,18,0.11967647993275177,0.5080607754178452,#84927f
19,19,-1.274819941461955,1.0768708027412088,#4da57f
20,20,-0.9374101782481425,-1.0185997610094584,#5a5e7f
21,21,0.48232428093519275,-0.5017390776834375,#92707f
22,22,0.7145594524079769,0.9361798284504727,#9ba07f
23,23,1.8046778112935162,0.10073598539225342,#c6847f
24,24,-0.2982258191713073,0.08862270127635967,#73847f
25,25,1.0224235991890172,0.4793932663610377,#a7917f
26,26,0.32968772675180774,-0.22641058631762626,#8c797f
27,27,1.1089651335025121,0.6117188981551629,#aa957f
28,28,-0.027650012112628894,0.010590581907928154,#7e817f
29,29,-0.5575879451164998,0.4390458500619311,#698f7f
30,30,0.6304100737159181,-0.015816563061613626,#98807f
31,31,1.7918902020382648,1.4999827921030522,#c5b37f
32,32,-1.005802615855179,1.6154260830295755,#58b77f
33,33,0.6778819048852521,-0.1418183563750061,#9a7c7f
34,34,1.3174360145043902,0.6804377399192487,#b3987f
35,35,2.283383062445912,-2.267434680713496,#d8347f
36,36,-1.528350507862522,-0.5543893293541274,#436e7f
37,37,-2.8667009589907986,-0.9668316419932661,#0f607f
38,38,0.021420709735965625,-0.20856105015868484,#80797f
39,39,0.19822805978127184,-1.1922474715234959,#87587f
40,40,-0.946771054088046,-1.168473182304207,#5a597f
41,41,-0.03923410142067572,2.029995754539269,#7dc57f
42,42,0.2765325045919831,-0.6668257634294802,#8a6a7f
43,43,0.8228305572527964,0.24706238656217977,#9f897f
44,44,-0.3484402916785991,-0.7439588858670986,#71677f
45,45,1.0212459545761097,0.8560136047279862,#a79e7f
46,46,-1.7895474602240358,0.9300896331677654,#39a07f
47,47,0.5957896321868482,-0.1913757631427823,#967a7f
48,48,-0.5184872035634568,-0.981506625845369,#6b5f7f
49,49,-0.6502342621415003,-0.1888578434980385,#657a7f
50,50,2.238846452353138,1.73230476410533,#d7bb7f
51,51,-0.14053673129481906,0.7850432662661474,#799b7f
52,52,1.3558976153828053,-0.7160068447893791,#b4687f
53,53,-0.7086793444157286,-0.7159491531523529,#63687f
54,54,0.251944406573238,1.2775126732803637,#89ac7f
55,55,2.0304474660863905,-0.9928761860625501,#cf5f7f
56,56,-1.2399880683083153,0.822548687035039,#4e9c7f
57,57,0.12221818069817532,2.1040412436588127,#84c87f
58,58,-0.09270403450944319,1.0905182948046703,#7ba57f
59,59,0.5192098676243657,0.2614904142897936,#93897f
60,60,0.5796198263831692,-0.09165268786251611,#967d7f
61,61,-1.3521933030083362,0.023004009729772373,#4a817f
62,62,0.3617424977358607,-1.149167668706242,#8d5a7f
63,63,-0.9264347715355582,0.5741656202297705,#5b947f
64,64,-0.328002135449806,-0.9408369596241509,#72617f
65,65,-0.16806726844716077,0.38037408687805035,#788d7f
66,66,-0.17609495074514547,-0.5714561295190321,#786d7f
67,67,1.4584231462571187,0.6219883924303767,#b8967f
68,68,-0.09432923461734394,0.1566308692350432,#7b867f
69,69,1.0463738742977549,-0.05126722378688961,#a87f7f
70,70,2.0816933306666354,-1.0761682223800186,#d15c7f
71,71,-1.0292971681824625,0.10058871682423778,#57847f
72,72,-0.6812094500081658,-0.4923450810824391,#64707f
73,73,-0.16554295005068498,-2.1654690054017243,#78377f
74,74,1.1398060691618277,-0.22546552940073794,#ac797f
75,75,0.7133043614322302,-0.13952406924098434,#9b7c7f
76,76,0.25932137735946836,0.7986991239226984,#899c7f
77,77,-0.1658225995938828,-0.4524765589132093,#78717f
78,78,1.4943678085268728,-0.395935637125097,#ba737f
79,79,1.9816622069010712,0.09090870833672078,#cd847f
80,80,-0.5864630929796272,-0.8602418369517225,#68637f
81,81,-0.46113583163606675,1.1812641753966393,#6da97f
82,82,-0.13617688609815273,-0.9668588316429098,#7a607f
83,83,-0.9511613545877722,1.5389322090069113,#5ab57f
84,84,1.076923815710229,0.7725815470041448,#a99b7f
85,85,0.6993921582529918,-0.13062524787290328,#9a7c7f
86,86,0.9358732928584237,0.24664483904272783,#a4897f
87,87,0.15465595948845426,0.2824848157960957,#858a7f
88,88,-1.336942786768874,0.4904841740560492,#4b917f
89,89,0.6858243224482858,-0.18323419002023325,#9a7a7f
90,90,0.6872996630801494,-2.377212266762162,#9a307f
91,91,-0.8678778743138216,-1.12952339952749,#5d5a7f
92,92,1.5552572355419363,1.2160284878813763,#bcaa7f
93,93,1.3250651167421683,-1.5900637473353012,#b34b7f
94,94,-0.8531581452354806,-0.8873831260576086,#5e627f
95,95,-0.6563953316829124,-0.7876390422273645,#65667f
96,96,1.007199677736574,0.0904374627700764,#a6847f
97,97,1.5923346613787215,0.9313888526338603,#bda07f
98,98,0.00563489924726679,-0.31951971220670194,#7f767f
99,99,0.563287882239322,0.32277420468982404,#958b7f
100,100,0.635203779352166,0.5968270974239831,#98957f
101,101,0.04052351395884662,-0.7195595516110616,#81687f
102,102,-1.5665615982888537,0.061325646972586086,#42837f
103,103,-0.030875692041305972,-1.7881626991948778,#7e447f
104,104,-0.9534259994667154,-0.5477707241247752,#5a6e7f
105,105,-0.14578206246327294,-0.36519582766062686,#79747f
106,106,-0.1782228266071259,0.7633148464522371,#789a7f
107,107,1.4423582061674838,0.06954939887178903,#b7837f
108,108,-0.04802012528172153,0.05815154188968081,#7d827f
109,109,-0.056481663472379526,0.7713868084636688,#7d9b7f
110,110,-0.2917014913304741,0.19646583747231267,#74877f
111,111,2.784089643385876,0.8495409440756175,#ec9d7f
112,112,-0.23924804930975824,1.1448543757895593,#76a77f
113,113,-0.15845818621560048,0.47114186934129765,#79907f
114,114,-0.5374592434378268,-0.13432839742545785,#6a7c7f
115,115,-0.5679767725608165,-1.6380850305606374,#69497f
116,116,-0.2772502876236852,1.0559903296192905,#74a47f
117,117,-1.0508101806573595,1.696645672780177,#56ba7f
118,118,-0.21906723667933362,2.1718629374766767,#76ca7f
119,119,-0.39688024220063844,0.5588388720093409,#6f937f
120,120,0.24311262550560164,0.5390039217733157,#88937f
121,121,-0.7120714631484523,2.0897968019856807,#63c77f
122,122,-1.1768654833150114,-0.932147570123986,#51617f
123,123,2.7133229463268664,-0.2435609077094962,#e9787f
124,124,0.20580618267586825,0.6080733840084509,#87957f
125,125,-1.0175578114456942,-2.0642571611583262,#573b7f
126,126,-1.4060796565589562,-2.5826089796884393,#48297f
127,127,0.1117136711565674,0.9661368473902033,#83a17f
128,128,-1.4430196607931862,0.08023226289365852,#46837f
129,129,0.08926088690730505,-1.4812671742282923,#824e7f
130,130,0.13390003012218,1.3599746327978233,#84af7f
131,131,0.5004468923245435,-0.6023796813535517,#936c7f
132,132,1.7729148401658679,0.8537016127164211,#c49d7f
133,133,-0.28595273465747173,-0.646167738218992,#746b7f
134,134,1.3014944269783892,-1.1117833581084013,#b25b7f
135,135,-0.3008807909966998,1.274969263211874,#73ac7f
136,136,0.5500199346076753,0.66437830753104,#95977f
137,137,-0.6551276374090343,-0.33803417434400984,#65757f
138,138,-0.6156357183266311,-1.075948648152777,#675c7f
139,139,0.5573416469933224,-0.9284495782637284,#95617f
140,140,-1.4228158575255359,-1.2348614869361656,#47577f
141,141,-0.9450389815780064,-0.7520521399114121,#5a677f
142,142,-0.6894913316486795,1.3372940122045902,#64ae7f
143,143,-0.11454462792875862,0.03016051482338502,#7a827f
144,144,0.5546383982241674,1.8109130217773781,#95be7f
145,145,-1.0559698292250472,-1.840289896670723,#56427f
146,146,-1.883631641538059,-1.6789500987983226,#35487f
147,147,1.4429656592337272,0.8543586553152496,#b79d7f
148,148,0.1757531823120529,0.07878431157879355,#86837f
149,149,-0.29923846423598904,-0.9715889135064327,#73607f
150,150,-0.5771198480481321,-1.9600615307961395,#683e7f
151,151,-0.024891529858856936,-0.4755990304945817,#7e707f
152,152,1.8376054659023426,-0.2045905994530505,#c77a7f
153,153,1.488325994101783,-0.23573215155880112,#b9797f
154,154,0.34245645470450536,-0.13801842668966188,#8c7c7f
155,155,-0.12418458247929769,0.24910725380713625,#7a897f
156,156,0.5032813715057645,0.26185433510990175,#93897f
157,157,-0.7487430800915509,0.2748603701526661,#628a7f
158,158,-0.12960022105512758,0.050262454665923696,#7a827f
159,159,-0.5848357574872164,0.18964714707883656,#68877f
160,160,3.2553427977883596,0.276619214028015,#ff8a7f
161,161,-0.2917695272546001,0.795812197231906,#749b7f
162,162,-0.9409174375956946,-1.2717931946710404,#5a557f
163,163,0.7512660087831672,0.9799285785492259,#9ca27f
164,164,-1.0653641778864265,0.972283504353898,#55a17f
165,165,-0.7154418172941427,0.1462104180021346,#63857f
166,166,-0.8479463295370507,0.1083723836069405,#5e847f
167,167,-0.4878397753812952,-0.472494103265174,#6c707f
168,168,1.9967169404210217,1.7146772027374666,#cdbb7f
169,169,0.15946471122673464,1.0244430670571318,#85a37f
170,170,-0.036770741644653264,-1.0924994754754271,#7e5b7f
171,171,1.004387085457253,-0.7085428624836316,#a6697f
172,172,-0.6884645806281624,-1.1619848274538034,#64597f
173,173,-1.3174635083276376,-0.4788154657664344,#4b707f
174,174,-0.7725444470864546,1.6361440219340269,#61b87f
175,175,-0.6829761145547658,-0.7944148772757611,#64667f
176,176,0.6987077027215185,0.9000750846258008,#9a9f7f
177,177,-2.1390238100161145,1.9395530008026283,#2bc27f
178,178,-1.0791123596615062,0.7235251849082007,#55997f
179,179,1.2846579342427924,-1.1332915351281991,#b15a7f
180,180,-0.39324503294596586,-0.3198204452323715,#70767f
181,181,0.5466900879299864,-0.11490668148918472,#947d7f
182,182,-0.8364264130971988,0.22147769029149528,#5e887f
183,183,0.3239956864359387,-0.7317634784678084,#8c687f
184,184,0.3714807549689962,-0.9938114293855272,#8e5f7f
185,185,0.8464795112167576,1.6276560873614991,#a0b87f
186,186,1.6971751186764223,-0.3289057551851575,#c1757f
187,187,-0.17464761339181958,0.1823715238895694,#78877f
188,188,1.8799391121096543,1.665884160695434,#c9b97f
189,189,0.007482641746372466,2.215618640220184,#7fcc7f
190,190,1.6707998721118607,0.3228026083749643,#c08b7f
191,191,-0.04247467074919313,-0.22912375466981924,#7d797f
192,192,-1.7995591372905428,-1.9066269894042072,#38407f
193,193,-0.6415768283730949,2.303376229850307,#66cf7f
194,194,1.1129373494496473,0.6363487915364088,#ab967f
195,195,-0.6044067403049211,-0.5935093059907287,#676c7f
196,196,0.3287596575228207,1.0704319261814546,#8ca57f
197,197,-0.5647275941614293,-0.46857756730323286,#69717f
198,198,0.18418087530871705,0.0893244579983868,#86847f
199,199,0.41814271316993723,-1.0285548480577424,#8f5e7f
200,200,-0.36754662442813274,-1.5101844624255372,#714d7f
201,201,-0.032192077699860135,1.5621665270907954,#7eb57f
202,202,-1.672135122572229,-0.18765202251804639,#3d7a7f
203,203,0.20294392032916855,1.152955124015382,#87a87f
204,204,-0.7934366472621109,-0.13578433997336983,#607c7f
205,205,-1.3315355884983153,-1.6065603120852052,#4b4a7f
206,206,-1.1206599176287766,-1.6765073773615529,#53487f
207,207,1.4097460611654116,0.47088124724620317,#b6907f
208,208,0.9454501956831824,1.7616044516218405,#a4bc7f
209,209,-0.5772785057806532,0.4148658178943939,#688f7f
210,210,-0.7477602797801518,1.1041420758006197,#62a67f
211,211,0.6601987642537677,0.0001905759576290853,#99817f
212,212,-1.2075382696430341,0.18683524344502275,#50877f
213,213,-0.7252995308037291,-0.2719916297977244,#63777f
214,214,1.0412564148413725,-0.019710232836215036,#a8807f
215,215,1.262990133242739,-0.7388991493160795,#b0677f
216,216,1.6216401868174448,0.26428296351449715,#be897f
217,217,-0.33709393924520425,-0.8024361453299601,#72657f
218,218,0.6019485466460393,-1.4130468179735163,#97517f
219,219,-0.26888417325220104,-0.5202399379626176,#746f7f
220,220,0.6648825227058437,0.3033190343439686,#998b7f
221,221,0.8912556107262052,-0.6837173069599026,#a2697f
222,222,1.2814041186529885,-0.7884135687119134,#b1667f
223,223,1.185109786291104,-1.2113454039371714,#ad577f
224,224,-0.20508521917771785,0.9854925022139871,#77a27f
225,225,-0.305555507649016,0.46509124386382433,#73907f
226,226,1.3180572597609599,0.8536984186606726,#b39d7f
227,227,0.8361144605679175,-1.6645721830515887,#a0487f
228,228,1.6503449193792448,-0.5649904430089616,#c06d7f
229,229,0.442079984174428,1.24473142037182,#90ab7f
230,230,1.737787639555342,-0.866814576137353,#c3637f
231,231,-0.12110234020449001,0.2535004751839902,#7a897f
232,232,0.3718778665446333,0.39944567503705497,#8e8e7f
233,233,0.3272764168879632,2.7379855902524532,#8cdd7f
234,234,-0.9634842897201302,1.060068975264786,#59a47f
235,235,-0.4384269058356623,-0.271006145725346,#6e777f
236,236,-0.737940472597496,-1.1621128155311728,#62597f
237,237,-0.5157857043010974,1.149235025975852,#6ba77f
238,238,0.5694371945960124,1.9962017672712766,#95c47f
239,239,-0.25127940737593846,-1.3570628819577848,#75537f
240,240,0.6525667285268131,0.23703495479291498,#99897f
241,241,-0.1719440121300826,-0.4586559078469127,#78717f
242,242,-0.3654323364466042,1.1693348987877763,#71a87f
243,243,-0.12214146418478061,0.08512518907387441,#7a837f
244,244,0.8234064792021459,-0.40984034534695196,#9f737f
245,245,-0.4411059152747159,-0.6013328263918442,#6e6c7f
246,246,2.4736007957803894,-0.6696249905439087,#e06a7f
247,247,1.9764837842553873,-0.13880447298437484,#cc7c7f
248,248,-0.8036578343147178,0.6479683235596444,#5f967f
249,249,1.9143652775250495,0.49629817925941627,#ca917f
250,250,-1.9450514002612933,1.1385499884574317,#33a77f
251,251,0.2125101276862951,2.0790680303521603,#87c77f
252,252,-1.0899600546251544,-0.038126217714491,#547f7f
253,253,0.9474423906233892,-0.5062134561285979,#a46f7f
254,254,-0.09396307969856034,-0.020267162302861536,#7b807f
255,255,-0.8332632833575246,0.10054150523367955,#5e847f
256,256,-0.9864419401775196,0.5089974761674981,#58927f
257,257,-0.8777736321957945,-0.1139616827409548,#5d7d7f
258,258,-0.2781644535334396,-0.6401013222059787,#746b7f
259,259,-1.7024817912954113,-0.31046949931742435,#3c767f
260,260,1.3271642110817858,-0.39724069406235185,#b3737f
261,261,-0.17120586304348262,0.3340417320983543,#788c7f
262,262,0.5681401765866814,0.4382330785768726,#958f7f
263,263,0.12932830552538668,0.5585394786588792,#84937f
264,264,0.38291701841721254,1.422721913241059,#8eb17f
265,265,-1.5185270207276576,2.075602989593642,#43c77f
266,266,0.9192336039149438,0.47238121144205414,#a3917f
267,267,0.46027305409395114,1.2565245867389625,#91ab7f
268,268,-0.880023085745,2.224133297896181,#5ccc7f
269,269,0.6492688824531857,-1.0566600716534351,#985d7f
270,270,-0.16417934360723174,-0.8986326054327279,#79627f
271,271,-1.0502387752651372,-2.2516449944025623,#56347f
272,272,-1.280001020492211,0.21962821747515954,#4d887f
273,273,1.3593697405306355,-0.7089817629514201,#b4687f
274,274,0.20898298707665228,-0.44698609586569826,#87717f
275,275,0.4790939789505717,-0.05757729934493668,#927f7f
276,276,-2.1002661459507066,-0.7350154526714349,#2d687f
277,277,0.6054843557276864,-1.4558892928564482,#974f7f
278,278,-1.7848258946417188,-1.4922304362315901,#394e7f
279,279,1.693942872972514,-0.704185382938071,#c1697f
280,280,-0.9549912345610393,-0.11712771015519412,#5a7d7f
281,281,0.5048065597684723,0.3696907171572471,#938d7f
282,282,1.0924409418261913,-1.0155460297288548,#aa5e7f
283,283,0.5006254488178973,-1.774111579611415,#93447f
284,284,-2.200574729466686,1.6494016118368653,#29b87f
285,285,0.9156703746136742,-0.040111910218163196,#a37f7f
286,286,0.5512702673747977,0.5545861069784354,#95937f
287,287,-0.21201294811250596,0.713983576379566,#77997f
288,288,1.702432328512265,0.4207570928572935,#c28f7f
289,289,0.1511595182000508,-0.27988017300859025,#85777f
290,290,-0.8593153445002008,0.2425520348824096,#5d897f
291,291,-0.8345424233014298,-0.39983728357276627,#5e737f
292,292,-1.2688574451024934,-1.3178166378123923,#4d547f
293,293,-1.0570684685412526,0.6143276246099107,#56957f
294,294,-0.8073549671347021,0.24958377453923364,#5f897f
295,295,0.2488133274012799,-0.5636866352034708,#896d7f
296,296,1.6370730862358778,-0.2793785658408461,#bf777f
297,297,0.4455969633728394,-0.25392033224041005,#90787f
298,298,-0.6230611578215504,-0.43530004126222754,#67727f
299,299,-0.3961359798049553,-0.493862996569916,#6f707f
300,300,-0.8901417569345398,-1.44436593170467,#5c507f
301,301,1.0714784571877833,-1.8559545728985443,#a9427f
302,302,0.8998468374721262,-0.5514197737697661,#a26e7f
303,303,0.01424767746276188,-0.9977192724870575,#805f7f
304,304,-0.47829819677645286,0.5187546647875052,#6c927f
305,305,-1.9654199017497056,-1.0958184046906478,#325b7f
306,306,-0.0934362433912243,0.846854232225799,#7b9d7f
307,307,0.13719914692761104,0.6651399132980096,#84977f
308,308,-0.2388625480183435,-1.0533363452431328,#765d7f
309,309,0.957209919592366,1.100582204083592,#a4a67f
310,310,0.5921013118491913,-1.2835135000062783,#96557f
311,311,-0.19499899075538957,-0.278542122366103,#77777f
312,312,0.40939737392561376,0.4303699771546919,#8f8f7f
313,313,1.4952478195368823,0.2292953138952249,#ba887f
314,314,0.3263423458215611,1.3791320958051678,#8caf7f
315,315,0.6149579998880796,-1.3359877656552452,#97537f
316,316,-2.2856743697255593,1.958647970776473,#25c37f
317,317,-2.1071399795903067,-3.8071386937016163,#2c007f
318,318,0.770971025581939,-0.635029310710161,#9d6b7f
319,319,0.2627539085346926,0.9310381969045242,#89a07f
320,320,0.20184812542360098,0.5326550422991783,#87937f
321,321,0.16203957057572896,1.610972489971336,#85b77f
322,322,0.3962581598866601,0.21791316512431483,#8e887f
323,323,0.7404297514013043,0.7697327305588904,#9c9b7f
324,324,1.012019534468228,-0.2718005729721548,#a7777f
325,325,0.25779452876696707,-0.19881932975033104,#897a7f
326,326,-1.0623728014300116,-0.053498715966494775,#557f7f
327,327,-0.22477731978760282,1.1277619818054445,#76a77f
328,328,-0.5124391638640914,-0.6607424206844426,#6b6a7f
329,329,0.7567985699944062,-0.6295508341533707,#9d6b7f
330,330,-0.34448147343287105,1.728543271168052,#71bb7f
331,331,-1.548357140897925,-1.0119700961825282,#425e7f
332,332,-1.9380913497430097,0.987606214381145,#33a27f
333,333,-1.6309147021085382,0.9629223229480292,#3fa17f
334,334,-0.0635145292970806,0.5929562061909998,#7c957f
335,335,2.24164347335631,0.27493709088295826,#d78a7f
336,336,-0.5896245127371723,0.23894234624164015,#68897f
337,337,-0.7012457919585084,-0.7739826374741393,#63667f
338,338,0.32790161309113663,-1.2535145918661326,#8c567f
339,339,0.08552483734749453,1.141130411347588,#82a77f
340,340,0.01692993517485289,-0.30100300223022775,#80767f
341,341,-0.22643876485060765,0.9638913597781693,#76a17f
342,342,1.511082049429865,0.439782748601546,#ba8f7f
343,343,0.8156074290429352,-0.3574451121734184,#9f747f
344,344,0.33259730640606877,-0.6715966124682349,#8c6a7f
345,345,-1.5018770517948763,1.4924658930017989,#44b37f
346,346,0.6725664612214993,-2.4681978926420127,#992d7f
347,347,0.39205289611855554,-0.2629476745466266,#8e787f
348,348,-0.26443812427279084,-0.5383884143935349,#756e7f
349,349,1.0864581052994016,-0.47856175166839116,#aa707f
350,350,-0.4275251597670808,-0.43412248612557564,#6e727f
351,351,1.1145778803848392,0.9072426027745862,#ab9f7f
352,352,0.7893524506721692,-1.7777164196068107,#9e447f
353,353,-0.5183222581128022,1.354267626485858,#6bae7f
354,354,-0.8652869564805423,1.1854750917929342,#5da97f
355,355,0.632698855116601,-0.7650011889004282,#98677f
356,356,1.6616779337408403,-1.6581815772765658,#c0487f
357,357,1.126164995043844,-0.2610589556950394,#ab787f
358,358,-0.5108379771117273,-0.046033824921416465,#6b7f7f
359,359,0.558549721790764,-1.0028128940723957,#955f7f
360,360,0.7778989747598506,-0.4054358600251367,#9d737f
361,361,-0.6043419064425396,-1.4641084509880535,#674f7f
362,362,0.9888512304275294,1.0065731475798874,#a6a37f
363,363,0.7464482835242292,0.3661246990046688,#9c8d7f
364,364,-0.3137448995389783,-1.2991554231012992,#73547f
365,365,-0.8548230776292289,-0.8394067737324405,#5d647f
366,366,-0.48541118630746016,-2.131270149570426,#6c387f
367,367,0.48209678480368257,0.7971356070766112,#929c7f
368,368,0.48503296615529906,1.7265722469141447,#92bb7f
369,369,-1.6442979321473599,1.6465953191379694,#3fb87f
370,370,-1.5473844082799741,1.5713887591475888,#42b67f
371,371,0.39841778545705275,0.28849030872310116,#8f8a7f
372,372,2.519420678631926,-0.23325215313614597,#e2797f
373,373,2.013610320455662,0.4776128100167486,#ce917f
374,374,-0.10276939840839991,-1.3351392159152862,#7b537f
375,375,0.6658983037828999,1.0094727408855413,#99a37f
376,376,-1.4506605659007983,-0.25733423950013834,#46787f
377,377,1.5842400899384248,0.36903694242243457,#bd8d7f
378,378,-0.759490579642245,1.1023991069202494,#61a67f
379,379,1.5250096542775748,1.72393717438438,#bbbb7f
380,380,1.38245700854728,-0.25915937887520946,#b5787f
381,381,0.7776879781494519,-0.8541524352762847,#9d647f
382,382,0.4569186301225473,1.096944110337625,#91a67f
383,383,0.6919876646887629,-0.17199526724112202,#9a7b7f
384,384,-0.4139148221035124,-1.6987492783688163,#6f477f
385,385,-0.34281117289637464,-0.40533699577979854,#72737f
386,386,0.34686700795686254,0.23172248846185411,#8d887f
387,387,-0.515334449997279,0.3445541700931676,#6b8c7f
388,388,1.235380565589163,-0.7641978350667854,#af677f
389,389,0.1332506044622892,-0.49280317565426623,#84707f
390,390,-1.169280331534434,1.4189907332837672,#51b17f
391,391,-0.5206993453206546,-0.6587652994896588,#6b6a7f
392,392,2.67825271395306,-1.2868861610966185,#e8557f
393,393,0.4654511366533704,0.38545495576812583,#918e7f
394,394,2.3898042174559495,1.027935873499774,#dda37f
395,395,2.4484999384586486,1.2162007325162527,#dfaa7f
396,396,0.10541432777198623,-1.4030469629143207,#83517f
397,397,1.462830010231626,2.440016606315362,#b8d37f
398,398,-1.087093280385542,-1.548613627892245,#544c7f
399,399,1.650952549689247,1.3977895068722166,#c0b07f
400,400,0.3285602845887086,0.6375703240766025,#8c967f
401,401,-0.6417721119867732,0.14670943525936203,#66857f
402,402,0.46394427154839624,-0.4091209715645758,#91737f
403,403,0.005514602270775122,0.8476559621049814,#7f9d7f
404,404,0.6013765813534351,1.6859746615143087,#97ba7f
405,405,0.28543750817685193,0.4728684710147386,#8a917f
406,406,1.5798468790732347,-1.1243120744866721,#bd5a7f
407,407,0.0760450690462715,1.2011679159521098,#82a97f
408,408,-0.8844079372750251,0.03917895812432543,#5c827f
409,409,0.044618033008487185,1.0422713173016789,#81a47f
410,410,-0.9376218055613544,-0.6779989759291308,#5a6a7f
411,411,-0.053249282442257136,-0.08079982359372599,#7d7e7f
412,412,-1.0044084275934242,-1.135383515197266,#585a7f
413,413,0.9063814989107881,1.6977897856973305,#a2ba7f
414,414,-0.6155986827954744,-1.2527092972503968,#67567f
415,415,-1.840543204428769,0.7736163385457452,#379b7f
416,416,0.5573227310303737,1.3416939690071248,#95ae7f
417,417,-2.3669458694384113,-2.285397776623685,#22337f
418,418,-0.46698348904752346,-1.3313538277531853,#6d537f
419,419,0.3591403782311169,0.3841815754409004,#8d8e7f
420,420,0.4416829719215946,0.46064789671846046,#90907f
421,421,1.1723992203757714,0.14637683054756218,#ad857f
422,422,0.3348707838521875,0.8866308068898332,#8c9f7f
423,423,1.9282148419641132,-0.32845399155139593,#cb757f
424,424,-0.5524258365044322,-0.7956986623858976,#69667f
425,425,1.351235479433998,-0.7833284424453081,#b4667f
426,426,0.016063139559993077,-1.06900936088571,#805c7f
427,427,0.8269507344065801,-1.2999140807854428,#9f547f
428,428,-0.3051771857529566,-1.021993394909428,#735e7f
429,429,-1.6873573525961947,-0.5496268156999684,#3d6e7f
430,430,-0.6499519700158655,2.342207624110193,#65d07f
431,431,0.33805046268782685,0.3689283474326461,#8c8d7f
432,432,0.14014657247561327,-0.6354434241646134,#846b7f
433,433,0.02061883265610867,-0.45198040362598046,#80717f
434,434,-1.387029383309169,0.8276131458463456,#499d7f
435,435,-1.3595613920338796,1.1402203502468986,#4aa77f
436,436,-1.1803633469068928,0.8809162291809906,#519e7f
437,437,0.07898277015630607,0.8520854897436013,#829d7f
438,438,-0.5251801496465396,-1.1903258593383532,#6a587f
439,439,-2.2048583288937635,0.5141424643225052,#29927f
440,440,-1.3840688642814525,-0.565818324829025,#496d7f
441,441,0.9830956283926173,0.2913296881842048,#a58a7f
442,442,-0.4781977899964586,-0.6615239596944537,#6c6a7f
443,443,2.000781931236132,-1.0713832688886629,#cd5c7f
444,444,-0.012687511248301211,0.7052298215948857,#7e987f
445,445,-0.33393015197700204,-1.1116329342410254,#725b7f
446,446,0.4002157276756053,-0.552062638775122,#8f6e7f
447,447,-0.7276799179700576,0.49501252949316177,#62917f
448,448,0.11474112805969254,0.09185698425741133,#83847f
449,449,-0.503035764979387,0.30848940693305443,#6b8b7f
450,450,0.5773788155540042,-0.2588339861348751,#96787f
451,451,-0.10646941625501224,2.5146923666682346,#7bd67f
452,452,0.3840219705177171,-0.09292941421131856,#8e7d7f
453,453,-0.14688375276438428,1.6765693762186578,#79b97f
454,454,-1.5465078300002773,-1.3162211729775233,#42547f
455,455,-0.16110759001197875,1.514520826300879,#79b47f
456,456,0.234227521555813,0.21831033614864598,#88887f
457,457,0.18371837822121526,-1.5405026103340287,#864c7f
458,458,0.1170834654334328,-0.209264490117646,#84797f
459,459,0.008412759732360085,0.43591386682214317,#7f8f7f
460,460,-0.3247317340835995,1.3868463700838167,#72b07f
461,461,0.4832822956113143,0.16799938999228695,#92867f
462,462,0.3605381741454022,1.0129265052133776,#8da37f
463,463,-0.3089110516473757,-0.6657208238758201,#736a7f
464,464,-0.3166683722796018,0.04556495322979184,#73827f
465,465,0.0467936556430998,1.1134121064969353,#81a67f
466,466,0.1913608463552079,0.6150351012599624,#86957f
467,467,-0.3771341020676975,-0.16281508553535964,#707b7f
468,468,-0.7546473657821642,-0.6341559163497299,#616b7f
469,469,-0.553373330518539,0.964138582613609,#69a17f
470,470,-0.6699912616451797,0.29801929905645214,#658b7f
471,471,-0.7644472803964393,1.4591172978405256,#61b27f
472,472,-1.5801578286392708,1.7269217032047692,#41bb7f
473,473,-1.0033865529670614,1.962899147441421,#58c37f
474,474,-1.4989000246147648,0.4785712643074176,#44917f
475,475,0.09065501461909334,2.0455915717184783,#83c67f
476,476,-0.35167608944337353,-0.9613940835755405,#71607f
477,477,0.7425108423254283,-1.163849163986203,#9c597f
478,478,0.4332586410067827,-0.7642000867998529,#90677f
479,479,0.8201051377618246,-1.3407785944346162,#9f537f
480,480,-0.32314008199551075,-1.1812783224734782,#72587f
481,481,-0.43617455095662794,0.8910325797855391,#6e9f7f
482,482,0.9051881362902884,-0.39950986576043157,#a2737f
483,483,0.9069233783739439,-0.9772771630967473,#a25f7f
484,484,-0.7406444826520018,1.2917522608101821,#62ac7f
485,485,-0.5671024611470675,1.5587080736836796,#69b57f
486,486,-0.40707005448002925,1.5468686069975746,#6fb57f
487,487,-0.2809825778090357,0.1573383935945264,#74867f
488,488,0.7379083763724289,-0.5258899059127304,#9c6f7f
489,489,-1.38185327967819,1.2642296139739557,#49ab7f
490,490,-0.7264100162352506,-0.2365884643265443,#63787f
491,491,1.722109084251786,-1.531968077443345,#c24d7f
492,492,1.4696673138351302,0.14169472790074833,#b9857f
493,493,0.10494998571910627,-1.8637264835735756,#83417f
494,494,-0.30299466466367886,-0.41502504959465847,#73727f
495,495,0.5941086026368928,0.13340830243954482,#96857f
496,496,-0.07604264406576819,-1.5528982962505464,#7c4c7f
497,497,1.7300406214777384,-0.16243085968213894,#c37b7f
498,498,1.8146701120672795,-0.5822440569785137,#c66d7f
499,499,-1.1040158974966183,0.540218856102337,#54937f
500,500,1.1510251848391035,1.4801373965202917,#acb37f
501,501,1.2590639119222673,0.16835929609776568,#b0867f
502,502,0.2905947604575007,0.2274488933334731,#8a887f
503,503,-0.2808495144837717,-1.1064625202397445,#745b7f
504,504,0.40473340319887263,1.0879647140570892,#8fa57f
505,505,-2.4017357992080184,0.9255749750869157,#21a07f
506,506,0.7518574200871748,2.023173721018208,#9cc57f
507,507,0.6202943998278423,-0.7391999947775106,#97677f
508,508,0.2376444288030806,-0.3983303631846354,#88737f
509,509,-0.4856993944445794,-0.8606789852102329,#6c637f
510,510,-0.34038037508497554,-0.8742706281580962,#72637f
511,511,-0.723518376909808,0.6025954671170565,#63957f
512,512,-1.5705380950036654,0.33677992221633896,#418c7f
513,513,-0.6846150451599111,-0.21001643533925346,#64797f
514,514,1.7356525970623782,-0.21533319369721252,#c3797f
515,515,0.31991877731052953,1.3306207919079045,#8bae7f
516,516,-0.7528948450124853,-0.032073090414896005,#617f7f
517,517,-0.04934402500689058,0.2748592542446554,#7d8a7f
518,518,0.3788145128711983,-1.4519758896590451,#8e4f7f
519,519,0.6470199742758538,0.3739281164676204,#988d7f
520,520,-0.9202698540144693,-0.7111716933468529,#5b687f
521,521,0.7866523287366095,-2.74109077400173,#9e247f
522,522,-0.752153169109576,-0.01470827226654039,#61807f
523,523,-0.3517115089334728,0.1312565278874367,#71857f
524,524,-1.8300197395009288,-0.14259598480092647,#377c7f
525,525,-0.214794841415586,0.5308019389391987,#77927f
526,526,-0.13480428372372305,0.8618980789857857,#7a9e7f
527,527,0.4130570989407007,0.46763411381780773,#8f907f
528,528,-0.0553651521835378,-0.6714834246290836,#7d6a7f
529,529,0.989946428225284,0.44032063538635274,#a68f7f
530,530,0.19030277631396103,-0.10908518880329816,#867d7f
531,531,-1.217133909118705,0.6421223960186371,#4f967f
532,532,0.6219586020266409,-0.35680805152928563,#97747f
533,533,-1.1577935838289048,-1.8242898258646036,#52437f
534,534,-0.20282815903571222,0.5367381302251435,#77937f
535,535,-0.5318873416400808,1.3400759119850114,#6aae7f
536,536,-1.2772888868091739,-2.143711482504006,#4d387f
537,537,-0.6380266288642877,-0.48479384364389677,#66707f
538,538,0.2981800309230684,0.9695332201443242,#8ba17f
539,539,0.6678999932075061,2.0262496552629434,#99c57f
540,540,0.708617500232759,-0.8317068551432172,#9b647f
541,541,-0.04490120559226658,-0.6069348899428665,#7d6c7f
542,542,-0.9786162052592126,-0.25742210042129965,#59787f
543,543,-2.300461183411303,-0.39064051996134913,#25737f
544,544,-0.5362820606986132,-1.0876969054049668,#6a5c7f
545,545,0.18944353829704935,0.933634179781153,#86a07f
546,546,-0.19762732245168416,0.4941309371963134,#77917f
547,547,1.2476969115462972,-0.47130285061322974,#b0717f
548,548,-0.9211763390776334,0.01371941770287683,#5b817f
549,549,0.06269657305265802,-0.9259794191176399,#81617f
550,550,-0.3905213541223696,0.46172648012427514,#70907f
551,551,0.2574598040360573,0.8709014564832476,#899e7f
552,552,1.5318026212536051,0.37536881583158777,#bb8d7f
553,553,-1.3791656283162232,1.341122985437451,#49ae7f
554,554,1.0633475344124035,-0.10066470636282765,#a97d7f
555,555,0.2907106850041404,0.4096964335826747,#8a8e7f
556,556,0.051589986273840344,0.02774482693523488,#81817f
557,557,-2.423007965466888,1.2228297894466356,#20aa7f
558,558,0.37807183279028966,-0.4851747523499548,#8e707f
559,559,1.6772211930606715,0.6833693950638222,#c1987f
560,560,0.5485144286676747,0.009631449835183754,#94817f
561,561,-1.369791856899309,1.761567755863387,#49bc7f
562,562,0.2509440008389707,-1.7943771557337695,#89447f
563,563,1.0300519474944405,2.479168049046862,#a7d57f
564,564,0.6973851358937122,-1.6175086508591185,#9a4a7f
565,565,-1.3354588309532525,1.9174909837085914,#4bc17f
566,566,-0.6227991373456759,-0.04270178027177197,#677f7f
567,567,-1.1273644966808194,-1.2513738864458688,#53567f
568,568,-0.8195670232863995,-0.21490875188514613,#5f797f
569,569,0.6460250797456304,-2.0306383271760455,#983c7f
570,570,0.1314196051849926,-1.3426630541148972,#84537f
571,571,-1.5102705861483496,-0.7350486432866896,#44687f
572,572,-1.6276470035034958,0.19766312683041298,#3f877f
573,573,0.017514835606421034,0.05790858968380861,#80827f
574,574,0.899002917905109,-2.0943912388318546,#a23a7f
575,575,-0.35702302411059267,-0.2900709807108065,#71777f
576,576,-2.4936827867428613,-0.5372623553618784,#1d6e7f
577,577,-0.12833243821780868,-1.281612759827111,#7a557f
578,578,0.986821921434759,0.4133588581772462,#a68f7f
579,579,0.06040325663461329,-1.404738873094573,#81517f
580,580,1.0225420859284327,1.3622718100258233,#a7af7f
581,581,1.0357288848029655,1.4533881008274627,#a8b27f
582,582,-0.5538701557637601,0.08709744931645363,#69837f
583,583,0.7589747780408082,-0.42160575670618705,#9d727f
584,584,-0.2582805631562592,-0.6570748286348999,#756a7f
585,585,0.3506141702038061,1.1508779287835917,#8da87f
586,586,1.0469737498882403,-0.8841526058791976,#a8637f
587,587,-0.9132516804672602,0.8850701622406152,#5b9f7f
588,588,-0.9006249964021321,-0.5322960762255439,#5c6e7f
589,589,-1.3233177922933799,-0.21944323952411005,#4b797f
590,590,0.9865561353227212,1.7134525357288954,#a6bb7f
591,591,0.0630564258781578,-0.651131343667726,#816a7f
592,592,-0.5518318754381695,0.39830654492651824,#698e7f
593,593,-0.0670128560408679,-1.1412962167675977,#7c5a7f
594,594,-0.777688304527541,0.07494237948414831,#60837f
595,595,-1.4133632969239336,-0.24411593788339336,#48787f
596,596,-0.653389478355663,-0.9729094074924332,#65607f
597,597,-0.46163904285893526,-1.0562024127197878,#6d5d7f
598,598,-0.2544845329925688,-0.27771215843637526,#75777f
599,599,1.427152529348913,0.21138288946524664,#b7887f
600,600,1.1894699242884286,0.573044976004293,#ae947f
601,601,-0.004949947262323453,0.6606720394816264,#7f977f
602,602,0.8338276621073222,-0.05937812891579738,#a07e7f
603,603,0.02084615554054087,0.4375709571653213,#808f7f
604,604,-2.1808881752480866,0.7461471290252548,#2a9a7f
605,605,1.2619680450982982,0.8225315883678491,#b09c7f
606,606,1.8460154752059414,0.9742642616987827,#c7a27f
607,607,0.8135855558548278,-0.7774800223784643,#9f667f
608,608,1.3171769542606768,-0.20614726473511794,#b37a7f
609,609,1.3167496259648674,-0.4125261557847881,#b3737f
610,610,1.1580428918162924,-0.19269884336717044,#ac7a7f
611,611,1.081361819262627,-1.767738252501499,#a9457f
612,612,0.7499026179121135,-1.2509259350488044,#9c567f
613,613,0.47969905897694715,0.10140416266933773,#92847f
614,614,-0.15446333795279363,0.014955903862892356,#79817f
615,615,0.3680723169781335,-0.2697472034642381,#8d777f
616,616,-0.5601823510800574,0.5449180675171776,#69937f
617,617,0.9596056625345432,-0.6652745078077508,#a56a7f
618,618,0.60133003646313,-1.8385959765657736,#97427f
619,619,-3.2534003786738506,0.534821838694593,#00937f
620,620,0.19781972929032346,0.6561680399756319,#87977f
621,621,0.38943312551192055,-1.069623447576714,#8e5c7f
622,622,-1.23731085281174,0.01861245201002141,#4e817f
623,623,0.10131094085634054,1.6322239613491731,#83b87f
624,624,-0.07617564907707867,-0.4650906546983067,#7c717f
625,625,0.352277677168765,0.22703262647929515,#8d887f
626,626,0.2847661934863209,0.4382528645478244,#8a8f7f
627,627,0.39762912761936015,-0.4828880025516556,#8f707f
628,628,0.31047293259629233,-0.02357564559060332,#8b807f
629,629,-0.4997109075037621,1.2502477940950016,#6bab7f
630,630,-0.7198349755783716,-0.4946420402431971,#63707f
631,631,-0.7910527317127122,1.5930719841605927,#60b67f
632,632,0.4748204852166527,0.5914039129800013,#92957f
633,633,-0.519517210150673,-0.7152177263151486,#6b687f
634,634,-0.26204723128017304,0.5108961733966395,#75927f
635,635,-0.09226026857709696,0.376539553598899,#7b8d7f
636,636,0.4533494243294587,0.6203603951461629,#91967f
637,637,0.5269219866206113,-0.8262836036818333,#94657f
638,638,0.2855753456396193,-1.2195866657800407,#8a577f
639,639,0.18474909301547093,-1.3775315647986313,#86527f
640,640,0.530800796099396,1.2397327929290505,#94ab7f
641,641,-0.13452505485919822,-0.7506347286429544,#7a677f
642,642,1.4632497537060558,-0.004991812477149062,#b8807f
643,643,-0.6442901843973589,-0.5260336716461614,#666f7f
644,644,-0.23809926863758996,0.61187087651591,#76957f
645,645,0.754785689085753,0.9958137908094175,#9da27f
646,646,-1.1232650469793075,0.12673829581278648,#53857f
647,647,-0.02651943892757781,2.2506237915554816,#7ecd7f
648,648,2.218615649858881,0.9615426753436254,#d6a17f
649,649,0.06596117596507241,-0.8129347636848304,#82657f
650,650,-2.112069940505786,0.9364036161454413,#2ca07f
651,651,0.7214730422014707,-2.0508379629395903,#9b3b7f
652,652,1.3049306903766904,0.9389186210650606,#b2a07f
653,653,1.8051650171324825,1.7479883745198839,#c6bc7f
654,654,0.31700191183680454,-0.14696284652968153,#8b7c7f
655,655,-0.7199873982210007,-0.8542008302607037,#63647f
656,656,0.4934083424610407,0.7986980259665885,#929c7f
657,657,-0.12268495321438337,0.9564877644861943,#7aa17f
658,658,1.5178950728820724,-2.8752292655901464,#ba1f7f
659,659,2.0589855839959847,1.2488715302739635,#d0ab7f
660,660,0.025273779320242586,0.6599862212670952,#80977f
661,661,-0.42396660925792207,0.9837007822444398,#6ea27f
662,662,1.1624491033048379,0.7918525293262783,#ad9b7f
663,663,-0.2668816215985394,-0.5082092871655182,#756f7f
664,664,-0.01342532245182902,-1.299180702131258,#7e547f
665,665,1.3028519574636683,0.9360844044457649,#b2a07f
666,666,0.619214358550471,-0.29862448001037667,#97767f
667,667,1.0759402492548942,0.22895160099965986,#a9887f
668,668,-1.3944023855283227,-0.42560588117781895,#48727f
669,669,-0.3763762794234055,-1.9681346359282361,#703e7f
670,670,1.416125711337583,-0.5167815572744141,#b66f7f
671,671,-0.6016719596706994,0.1398792296692858,#67857f
672,672,-0.23588964429563822,0.8884885518256882,#769f7f
673,673,-0.09787168692110139,-2.0402592114294644,#7b3b7f
674,674,0.07682308424994325,-0.7893840043296374,#82667f
675,675,-0.5642486063604597,1.2826884099442757,#69ac7f
676,676,-0.043525482903396105,-0.7440151389274372,#7d677f
677,677,0.16013282115126148,0.1691364079046288,#85867f
678,678,0.05816991335530742,0.16657731190646377,#81867f
679,679,-0.16478989729966936,-0.9215580126746599,#79617f
680,680,0.6429381536016916,-0.2422354253417908,#98787f
681,681,-0.27207287839051436,0.0065348769837631545,#74817f
682,682,1.4307143788598362,2.0658287700836455,#b7c77f
683,683,2.032002832486433,0.016352014401195686,#cf817f
684,684,0.7732113320932861,-1.181483415926668,#9d587f
685,685,-0.5788220969846338,-1.0837768294082446,#685c7f
686,686,0.8711528960366944,-0.17393716247462562,#a17b7f
687,687,0.5010256828004361,-0.11492007270401389,#937d7f
688,688,-1.7311166640980684,-2.099679543695217,#3b397f
689,689,-1.0870694395116676,-0.8715166474515563,#54637f
690,690,0.709372171820992,-1.210627246640713,#9b577f
691,691,-0.6612952783895211,1.7903922424660017,#65bd7f
692,692,-1.4909103674278639,0.08857966666371622,#45847f
693,693,0.34514837319459807,0.17804382689532666,#8c877f
694,694,-2.1567461874565095,0.31775041274617194,#2a8b7f
695,695,0.17621151402433824,-1.7805874581631702,#86447f
696,696,0.7941484799737353,-0.5478320024657967,#9e6e7f
697,697,0.8052286293841174,-1.2965188973099537,#9f557f
698,698,1.5655667173106227,-0.7673954151426424,#bc677f
699,699,-0.4714053750467559,0.3966316475031258,#6c8e7f
700,700,-1.4836511660220975,-0.406056262125993,#45737f
701,701,-1.537013190113235,-0.04987993273831623,#437f7f
702,702,0.8857641798937188,0.20633977368975895,#a2887f
703,703,0.33594747104356376,3.7179646505260138,#8cff7f
704,704,-0.13453248953743505,-0.19998145456561936,#7a7a7f
705,705,2.127954046683528,-0.5213587645657074,#d26f7f
706,706,0.2573303430892936,-1.5001146842506758,#894e7f
707,707,1.0520541024700876,0.04805418497638748,#a8827f
708,708,-0.5112920857352378,-0.5831650820485089,#6b6d7f
709,709,0.46446702455033323,2.167943196220005,#91ca7f
710,710,-1.1903290947915062,0.5243024673164383,#50927f
711,711,1.0022642269635302,-0.3787555731703431,#a6747f
712,712,-1.4186675254521914,-0.7317054032873855,#47687f
713,713,-0.04283477328115746,-0.6536792085312442,#7d6a7f
714,714,1.944080097810389,-0.28323725673292255,#cb777f
715,715,1.5974051003480043,-0.12654548511502195,#be7c7f
716,716,-1.2704644692711065,0.32879246134678664,#4d8c7f
717,717,0.7910738811760768,0.5153270469585791,#9e927f
718,718,-0.49296210439055854,-0.5906336810980413,#6c6c7f
719,719,0.23023967368825743,-0.5438711449759468,#886e7f
720,720,-0.33792032844668984,-2.3820276789641044,#72307f
721,721,-2.0130308880700007,-0.03120035108837764,#307f7f
722,722,-0.4915123917859121,-0.2875526530160092,#6c777f
723,723,-0.2656779202097928,0.824704387886957,#759c7f
724,724,0.21908841992859757,-0.5119541860913046,#886f7f
725,725,0.5401619019242613,1.4733446033184248,#94b27f
726,726,-0.34088461702092,-0.36763497116860694,#72747f
727,727,-0.3264038390469648,0.6881929761526367,#72987f
728,728,0.33253506700596286,1.9893059716700694,#8cc47f
729,729,-0.8042533301499097,-0.3866428627098044,#5f737f
730,730,-1.0847089314215759,-0.49678783540450105,#54707f
731,731,-0.17409950388731213,-1.0894043294896076,#785c7f
732,732,0.12706961436725772,0.1416800715088166,#84857f
733,733,-0.7091108308795719,-0.13985294927211261,#637c7f
734,734,1.0055253419998573,-0.6049500356312343,#a66c7f
735,735,0.1263058987888728,1.2229521869036895,#84aa7f
736,736,0.386560629035378,-0.42314214216138707,#8e727f
737,737,1.0140378022371614,0.16936493234253236,#a7867f
738,738,1.1079944531259625,-1.2740649323611515,#aa557f
739,739,0.48152129400769494,-0.24033798497059694,#92787f
740,740,-1.1743098572154795,0.6645700232663145,#51977f
741,741,0.06050746885219525,-0.33677270119849806,#81757f
742,742,-1.6945444358425656,-0.19547513029689814,#3d7a7f
743,743,-1.9984033894843445,1.8490805558129668,#31bf7f
744,744,1.1435408072940298,1.9869961475467972,#acc47f
745,745,0.7858066383336335,-0.2627141899490198,#9e787f
746,746,0.11122131920571889,-0.10725665032399523,#837d7f
747,747,0.13157240361771558,2.606087165721981,#84d97f
748,748,0.09363235848739843,-1.0767035708836448,#835c7f
749,749,-1.5215301877411438,0.008996208000482966,#43817f
750,750,-0.571581103466862,1.0627126917597463,#69a57f
751,751,0.053865294026303814,-1.5885522184443226,#814b7f
752,752,-0.2140294821320564,-0.1565816402516718,#777b7f
753,753,2.0390558980663465,1.2064658224733433,#cfa97f
754,754,-0.3437587727257209,1.0675420973266765,#71a57f
755,755,-0.21880986725263943,-0.565584964447892,#766d7f
756,756,-0.02087605369143833,0.3419621231678264,#7e8c7f
757,757,-1.1975041179006163,-1.3828674384233859,#50527f
758,758,1.202967343429833,-0.7561281734380683,#ae677f
759,759,0.601423847885084,0.34520391411454426,#978c7f
760,760,0.84447671117032,-2.416722948303491,#a02f7f
761,761,-1.6566179952557005,-0.18859188372492955,#3e7a7f
762,762,0.4615465973498387,-0.32176717773180674,#91767f
763,763,0.5640491666318802,0.26586164662391126,#958a7f
764,764,0.3381874481863745,-1.0047439997488152,#8c5e7f
765,765,0.22524752133867418,1.2788652041341089,#88ac7f
766,766,0.5581134508713546,-0.11173533356631553,#957d7f
767,767,0.8843073499869579,0.22535794410177648,#a2887f
768,768,2.032596293298557,-0.3762348086759276,#cf747f
769,769,0.37981278550508485,-1.2865169903051512,#8e557f
770,770,0.1412037867238384,-0.3118575435125126,#84767f
771,771,-0.1251163703166188,1.199168611542567,#7aa97f
772,772,-0.39099995601443693,-0.7952783058391285,#70667f
773,773,-1.091156103709594,-0.2474220826048731,#54787f
774,774,0.5518692048620317,0.4471121047971215,#95907f
775,775,-0.7042245741614255,0.9900588507124324,#63a27f
776,776,0.6309242712402615,-0.22568075372253915,#98797f
777,777,0.3612178737532858,0.5443286464022508,#8d937f
778,778,0.774409899615768,-0.6483389697431386,#9d6b7f
779,779,-0.021103363454065913,-0.4361759787623948,#7e727f
780,780,0.9475758705782628,0.4619971448785186,#a4907f
781,781,-0.2823752435776898,1.7107915570212249,#74ba7f
782,782,-0.010368866170350065,0.17080096885953353,#7f867f
783,783,1.592533136390959,0.48334039334202084,#bd917f
784,784,-0.7097801573591245,0.1742996869833926,#63867f
785,785,0.32111817814150884,-0.32141210606848364,#8c767f
786,786,-0.761333525516482,0.7601962394639583,#619a7f
787,787,1.3263860627971966,-1.578310548816532,#b34b7f
788,788,1.283349378476066,0.38610436622748967,#b18e7f
789,789,1.0837455653865975,2.5333542510956093,#a9d67f
790,790,-0.25651171320575405,0.015545078651187788,#75817f
791,791,1.740175840635665,0.03978698249116813,#c3827f
792,792,-0.6109919398925724,-1.126529101635138,#675a7f
793,793,-1.3359834578726428,0.1414807939465785,#4b857f
794,794,-1.1462621429369322,1.4056421520959734,#52b07f
795,795,0.5085773177356674,-1.1660675805395666,#93597f
796,796,-0.5189139300949726,-0.758034755257282,#6b677f
797,797,-0.8609017832101532,-0.8264979971496385,#5d657f
798,798,-0.3344039871467024,0.018432603549823418,#72817f
799,799,-0.7618110036212361,-1.0036510879441751,#615f7f
800,800,-0.4191914430941535,0.11283501165259133,#6f847f
801,801,-0.259072709920721,0.5540865811064307,#75937f
802,802,-0.8298809953096716,-1.4019304161077704,#5e517f
803,803,0.03919702064285819,-0.9343984774119968,#80617f
804,804,0.16852248898450348,0.2750721160208477,#868a7f
805,805,-0.009130063636101486,-0.49002925013396176,#7f707f
806,806,-0.9153332793480238,2.0630593643548205,#5bc67f
807,807,-0.09541130218210027,0.3409542289297601,#7b8c7f
808,808,1.0752318959624907,-0.680457013703833,#a9697f
809,809,-0.28581721046221853,-0.8887648548574818,#74627f
810,810,-0.5992186969055125,0.8135080758628543,#679c7f
811,811,-0.3993705237550144,-0.49521886417496375,#6f707f
812,812,-0.6592305960621107,0.6159826858060323,#65957f
813,813,0.7932942907730218,1.0662590772212899,#9ea57f
814,814,-1.1661413943781436,0.04713840440764525,#51827f
815,815,-0.9162381042265152,2.5692118749562,#5bd87f
816,816,0.4653935089444979,-0.3181236966943722,#91767f
817,817,0.14075162043249975,-0.14037115545890677,#847c7f
818,818,1.7184892932159803,0.15435465499058476,#c2867f
819,819,0.9670726504163706,-0.634307314046607,#a56b7f
820,820,0.2892836194795745,-0.7916932191196702,#8a667f
821,821,0.7332178011022229,-0.6977435282334659,#9c697f
822,822,0.23335241389580988,-1.211915379363355,#88577f
823,823,0.9480799058517277,0.41648282386327823,#a48f7f
824,824,-0.11739641594199704,0.750632028468334,#7a9a7f
825,825,-1.778482150808426,-1.5029349287643237,#394e7f
826,826,-0.9774944420756801,0.7283746377869769,#59997f
827,827,0.19571984909946263,-0.7604798085480583,#87677f
828,828,-1.518164397849974,1.2369439807674951,#43aa7f
829,829,0.7909151112081567,0.47761244995780566,#9e917f
830,830,-0.06990017632886239,-0.014537497553419891,#7c807f
831,831,0.19868499276520118,0.26198964527173896,#87897f
832,832,-0.5568791924773927,-0.5197266469875436,#696f7f
833,833,1.5063558292709005,0.14764025073773032,#ba867f
834,834,-0.720310612732182,-1.7193133452409601,#63467f
835,835,1.5031195891532092,1.7675022891246006,#babc7f
836,836,0.4047882473872084,-0.9948075766904376,#8f5f7f
837,837,-0.5271816449670179,-0.4489368203817994,#6a717f
838,838,-0.7083065239658454,-0.31484922593945397,#63767f
839,839,0.9471867954500442,2.299843860252083,#a4ce7f
840,840,-2.251327897945515,-0.21019190329347584,#27797f
841,841,0.6777056051496724,0.6370168531705253,#9a967f
842,842,0.5456853064892698,-0.5649695244178399,#946d7f
843,843,1.4101135114020613,-1.324503485098748,#b6547f
844,844,-0.0968222326661802,0.1963929396030745,#7b877f
845,845,0.6720014357120234,-0.5594920785038694,#996e7f
846,846,-0.46732331475538597,1.3731512551269935,#6daf7f
847,847,-0.6260236616506221,-0.011992286915346057,#66807f
848,848,0.10093915320119677,1.8099328482514558,#83be7f
849,849,0.8351157682366466,0.2401475004889289,#a0897f
850,850,-0.738483849325674,-0.2368141522296917,#62787f
851,851,-0.6820228124499081,0.10081281695672518,#64847f
852,852,-0.5768537343432186,1.8079384295189258,#68be7f
853,853,2.12039929553717,1.4365749082819779,#d2b17f
854,854,-1.014628686268483,1.3358794600312762,#57ae7f
855,855,-0.8820781572297178,0.09380215308115793,#5c847f
856,856,-2.3986617589164103,-1.4597135114786002,#214f7f
857,857,0.40523727137019533,1.0029352673755032,#8fa27f
858,858,-1.2350795656206977,0.02511811903543409,#4f817f
859,859,-2.2768314231546185,-0.4904528734693729,#26707f
860,860,1.6498291872591166,-0.609652021152979,#c06c7f
861,861,-0.21615512407896828,0.2743473936426894,#768a7f
862,862,-0.7560122117132159,-1.877232565876073,#61417f
863,863,-1.294268834384463,0.11636961959685051,#4c847f
864,864,0.796673256851248,1.7766577317274226,#9ebd7f
865,865,0.2763049228116225,1.1380340457890679,#8aa77f
866,866,-0.5720568723045656,0.9395489110631011,#69a07f
867,867,-1.1979707716491166,0.16386943680139596,#50867f
868,868,-0.8708804631071645,0.027648831477810075,#5d817f
869,869,1.159260546007668,-0.7689522043642584,#ac667f
870,870,0.09182765408787788,-0.44069498440259447,#83727f
871,871,0.491491395978668,1.0813577749287093,#92a57f
872,872,1.9342200642020269,0.5219472018782086,#cb927f
873,873,-0.03898116886052681,0.9424257193864249,#7da07f
874,874,1.1424658509963042,-0.8565648698510618,#ac637f
875,875,-0.5506790812461623,-0.47310953459862976,#69707f
876,876,-0.9788074256495862,0.1754050971800637,#59867f
877,877,-0.3704926415419904,-0.7557893829655733,#70677f
878,878,0.03016258611919791,-0.3704709203241623,#80747f
879,879,-0.7049428496197924,-1.503535931260075,#634e7f
880,880,-1.3740296723379815,-1.1264029593714526,#495a7f
881,881,1.194573447432902,0.05402710839970576,#ae827f
882,882,-1.245248301784898,0.7583355680755834,#4e9a7f
883,883,-0.6885633903214398,0.7132451541617633,#64997f
884,884,-0.36469031434317956,0.02495133564741527,#71817f
885,885,0.2733316997338926,-0.053502126616778535,#8a7f7f
886,886,2.0307608366455594,-0.4454842572171692,#cf717f
887,887,-0.29320094787377127,0.09089889996332913,#73847f
888,888,-1.2480167840946992,1.8366114817160968,#4ebf7f
889,889,1.417437467078484,-2.243131757894387,#b6347f
890,890,0.7145209916010632,-0.6321240575554714,#9b6b7f
891,891,0.06425284306950711,-0.2841191848069411,#81777f
892,892,-1.5945623340650126,-0.5707694499749826,#406d7f
893,893,-0.6745969210544961,0.40124529454367003,#658e7f
894,894,-0.6631611347359017,-0.013094251348295052,#65807f
895,895,-1.2516160282477713,0.2535491193371108,#4e897f
896,896,-0.30401469605455733,-0.770943203741354,#73667f
897,897,-0.03182717671394955,-0.009359656225391162,#7e807f
898,898,-0.33672678402279477,-0.8361579049893036,#72647f
899,899,-0.8049659298492805,-0.05523673528095361,#5f7f7f
900,900,1.5218805912286884,-2.4975756698153995,#bb2c7f
901,901,-0.9939456596395116,0.2646876103163429,#58897f
902,902,-0.15078898253998785,0.9966552208705612,#79a27f
903,903,-1.8410204000264243,-0.08626503554612737,#377e7f
904,904,-0.8744617505019793,0.015133819304101122,#5d817f
905,905,0.6408122145646457,-1.0535653071431712,#985d7f
906,906,0.13980670948991356,1.8475601054970539,#84bf7f
907,907,-1.7786409443821376,0.5022135802348745,#39927f
908,908,-0.3704033345255001,-0.21776474639986232,#70797f
909,909,0.03840320958518767,0.12013458430073345,#80857f
910,910,-1.1590211648306064,0.2618883200765932,#52897f
911,911,-0.772383067189117,-1.2216370096515572,#61577f
912,912,-1.2279589547787402,-0.0383472333500347,#4f7f7f
913,913,-0.3110749402740025,-0.48154910190763955,#73707f
914,914,-0.15451462627220267,-0.37343668941695657,#79747f
915,915,-1.2474759571117426,0.15970906022961148,#4e867f
916,916,0.8126531599954733,-0.11503644643761045,#9f7d7f
917,917,0.3208827809586755,0.2918928941621366,#8c8a7f
918,918,1.3847818794418032,1.1971674409773838,#b5a97f
919,919,0.045388657734271906,-1.3516705353237959,#81537f
920,920,-1.594873962551952,0.9431363438744715,#40a07f
921,921,-0.037578013213047864,0.7877605831493942,#7d9b7f
922,922,0.9555940158754008,-0.6655496384696675,#a46a7f
923,923,-0.9458162345527386,-0.6401397032992687,#5a6b7f
924,924,0.31543154539033313,-0.8470352064278958,#8b647f
925,925,0.05235996008299088,0.7290998047309591,#81997f
926,926,-0.5745289406767234,-0.2968535680414212,#68767f
927,927,-0.3679860934385066,0.4634501315005057,#71907f
928,928,1.0194001559775643,0.6305667784712317,#a7967f
929,929,2.1096195350359315,-0.4018759787595242,#d2737f
930,930,-0.053067162643523104,1.4734256437102715,#7db27f
931,931,1.2599160123748236,1.2475706057591494,#b0ab7f
932,932,1.4443508806585894,0.5329858790288421,#b8937f
933,933,0.14134325074530904,2.25103456647026,#84cd7f
934,934,0.8443361072408382,-0.4888358653113525,#a0707f
935,935,-1.0971197982210148,0.22792930726934857,#54887f
936,936,-2.0344508345553156,-0.0023754120643524963,#2f807f
937,937,1.1129290498096385,-0.30846964971148805,#ab767f
938,938,-1.2396741958504685,-0.30765914381605947,#4e767f
939,939,-0.1312212123898747,-2.3338975182991293,#7a317f
940,940,1.0783238871404321,1.1215115719507809,#a9a77f
941,941,-0.5345453161825144,1.0238412077625019,#6aa37f
942,942,-1.8204337648070927,0.22673817781823952,#38887f
943,943,0.3824527663612703,1.707610768664909,#8eba7f
944,944,-2.1246629612334047,-0.07221217862866557,#2c7e7f
945,945,-0.362527381046508,0.8138235967450361,#719c7f
946,946,-0.5471726769701215,2.516495129582798,#6ad67f
947,947,-0.022785886022936713,-0.1687627188285914,#7e7b7f
948,948,-0.6280130690095509,-0.5434438922221293,#666e7f
949,949,0.13945740025037706,-0.12441934856287504,#847c7f
950,950,-2.103411254738269,-1.0381101056548712,#2d5d7f
951,951,-0.38633146138475094,-0.044346134371716174,#707f7f
952,952,1.7249291704155187,-0.26091065591922885,#c3787f
953,953,-1.0458051101925019,-0.9565288538827031,#56607f
954,954,-0.006040279999211453,0.208037440553253,#7f887f
955,955,-0.3131714817103965,1.702160530408155,#73ba7f
956,956,1.249912963043806,0.2988662166640779,#b08b7f
957,957,-0.33919788947172486,-1.5186238969508392,#724d7f
958,958,0.776399477249136,-0.5560073688712187,#9d6e7f
959,959,0.7243960567314685,0.6441834628939519,#9b967f
960,960,-0.7374293027641409,-0.9162153025742326,#62617f
961,961,-2.1886794343542464,0.7376808456973927,#299a7f
962,962,1.4853755302417107,1.4958390576638907,#b9b37f
963,963,-0.13343851281188157,0.09373519922458906,#7a847f
964,964,-0.4849989810187141,0.8698718921298396,#6c9e7f
965,965,-0.4735605321333703,-0.622425544985621,#6c6b7f
966,966,-1.3007348238141492,-1.7738502448023747,#4c447f
967,967,1.6483782185869627,-0.38898253613967576,#c0737f
968,968,0.09996344445116746,-0.7515230028408577,#83677f
969,969,-0.3637617128025713,-0.03401789563998021,#717f7f
970,970,-0.44017878039090563,-1.2340869639395795,#6e577f
971,971,0.17000222645904217,-2.000654926769764,#863d7f
972,972,0.12523273274643867,-0.44777379274651585,#84717f
973,973,-0.49989375373853034,1.3435874344005472,#6bae7f
974,974,-1.456228497981238,0.6000712139332925,#46957f
975,975,0.42253812766767995,0.8083442439820652,#909c7f
976,976,-0.4539723058080844,-0.4356518657883821,#6d727f
977,977,0.32003658892972825,0.2480473398198906,#8c897f
978,978,2.552972268150165,-1.3944981300092902,#e3517f
979,979,-0.5944865405533087,-2.3796781893146584,#68307f
980,980,-0.0648846163746512,-0.340542169869898,#7c757f
981,981,0.1736984040658101,-0.8448752615666179,#86647f
982,982,-0.2416906654097077,1.3771870274960982,#75af7f
983,983,-0.33606310212992363,1.256352002552263,#72ab7f
984,984,0.7672893886549145,0.3650459561486524,#9d8d7f
985,985,-1.4839589100054393,-0.935268857325637,#45617f
986,986,0.20007386205291924,-0.6268898716782769,#876b7f
987,987,0.029770407627965692,-0.7299235435251867,#80687f
988,988,0.24358124610084153,-1.4406766009114695,#89507f
989,989,-0.5584141055810385,1.1220227784050931,#69a77f
990,990,-0.7511176304835651,0.6496286014281388,#62977f
991,991,1.433811562375706,0.4642575143852957,#b7907f
992,992,-0.5876681043140517,-0.4381521643321796,#68727f
993,993,-0.8116355308971231,-0.09491000328961006,#5f7d7f
994,994,1.1335826187729445,0.005827609158175053,#ab817f
995,995,-0.9960668023677338,0.5505087050336872,#58937f
996,996,-0.36328807460728907,1.5357152078579395,#71b57f
997,997,-1.7539836901349177,-0.03399036091763708,#3a7f7f
998,998,0.4616040554914434,-1.1488515881782797,#915a7f
999,999,-0.0502678954082016,-2.054765746268216,#7d3b7f
